Architecture,MAE,R2
8-10-1,7.4515060902887,0.6695472588248907
8-10-1,8.037684976197527,0.6171121927325669
8-15-1,7.908741104645554,0.6019242381399139
8-10-5-1,7.930811667351766,0.595655196766778
8-20-10-1,7.563472250347464,0.6481878786622524
Adam (8-10-1),7.579929639514502,0.6824926959865034
